Source,Target
Gellius,Plutarch
Gellius,Epictetus
Gellius,Herodes Atticus
Herodes Atticus,Epictetus
Gellius,Cicero
Gellius,Theophrastus
Gellius,Lucilius
Favorinus,Theophrastus
Gellius,Favorinus
Gellius,Plutarch
Gellius,Pericles
Gellius,Antonius Iulianus
Antonius Iulianus,Cicero
Gellius,Demosthenes
Gellius,Hortensius
Gellius,Metellus Numidicus
Gellius,Titus Castricius
Titus Castricius,Metellus Numidicus
Gellius,Cicero
Gellius,Gaius Gracchus
Gellius,Claudius Quadrigarius
Gellius,Valerius Antias
Gellius,Plautus
Gellius,Laberius
Gellius,Cicero
Gellius,Plautus
Gellius,Sotion
Sotion,Demosthenes
Gellius,Taurus
Taurus,Plato
Favorinus,Caesar
Gellius,Thucydides
Gellius,Herodotus
Gellius,Homer
Gellius,Gaius Gracchus
Gellius,Cicero
Gellius,Aristotle
Gellius,Labeo Antistius
Gellius,Ateius Capito
Gellius,Sulla
Gellius,Cato
Gellius,Labeo Antistius
Gellius,Hyginus
Gellius,Homer
Gellius,Cicero
Gellius,Cicero
Gellius,Cato
Gellius,Cato
Gellius,Homer
Gellius,Eupolis
Gellius,Sallust
Gellius,Hesiod
Gellius,Epicharmius
Gellius,Favorinus
Gellius,Valerius Probus
Valerius Probus,Sallust
Gellius,Aristophanes
Gellius,Claudius Quadrigarius
Gellius,Lucilius
Gellius,Varro
Gellius,Cato
Gellius,Cicero
Gellius,Lucilius
Gellius,Lucilius
Gellius,Cicero
Gellius,Varro
Gellius,Socrates
Gellius,Varro
Varro,Lucius Aelius
Gellius,Varro
Gellius,Varro
Gellius,Pythagoras
Gellius,Varro
Gellius,Vergil
Gellius,Hyginus
Hyginus,Vergil
Gellius,Favorinus
Favorinus,Hyginus
Favorinus,Vergil
Favorinus,Lucretius
Gellius,Lucretius
Gellius,Varro
Gellius,Cicero
Gellius,Cicero
Gellius,Julius Paulus
Gellius,Vergil
Julius Paulus,Vergil
Gellius,Vergil
Julius Paulus,Vergil
Gellius,Sallust
Gellius,Ennius
Gellius,Cicero
Gellius,Cicero
Gellius,Plautus
Gellius,Cato
Gellius,Naevius
Gellius,Varro
Varro,Plautus
Gellius,Plautus
Gellius,Pacuvius
Gellius,Varro
Gellius,Claudius Quadrigarius
Gellius,Aurelius Opilius
Gellius,Taurus
Taurus,Plutarch
Gellius,Socrates
Gellius,Favorinus
Gellius,Taurus
Gellius,Claudius Quadrigarius
Gellius,Fidus Optatus
Gellius,Vergil
Fidus Optatus,Vergil
Gellius,Gavius Bassus
Gellius,Favorinus
Gellius,Vergil
Gellius,Annaeus Cornutus
Gellius,Vergil
Gellius,Vergil
Gellius,Cato
Gellius,Cicero
Gellius,Homer
Gellius,Homer
Gellius,Epicurus
Gellius,Vergil
Gellius,Vergil
Gellius,Accius
Gellius,Plutarch
Plutarch,Epicurus
Gellius,Plato
Gellius,Plutarch
Gellius,Epicurus
Gellius,Varro
Varro,Valerius Soranus
Gellius,Annales
Gellius,Aristotle
Aristotle,Solon
Gellius,Favorinus
Gellius,Sempronius Asellio
Gellius,Cato
Gellius,Vergil
Gellius,Caesellius Vindex
Caesellius Vindex,Vergil
Gellius,Sulpicius Apollinaris
Sulpicius Apollinaris,Caesellius Vindex
Sulpicius Apollinaris,Vergil
Gellius,Cicero
Gellius,Cato
Gellius,Sallust
Gellius,Plato
Gellius,Cebes Socraticus
Gellius,Phaedo
Gellius,Menippus
Gellius,Varro
Gellius,Diogenes
Gellius,Epictetus
Gellius,Naevius
Gellius,Claudius Quadrigarius
Gellius,Claudius Quadrigarius
Gellius,Cato
Gellius,Varro
Gellius,Publius Scipio
Gellius,Varro
Greek students,Homer
Roman students,Varro
Roman students,Lucius Aelius
Gellius,Favorinus
Favorinus,Homer
Favorinus,Homer
Favorinus,Gallus
Favorinus,Vergil
Favorinus,Aristotle
Favorinus,Horace
Gellius,Cato
Gellius,Nigidius Figulus
Gellius,Menander
Gellius,Posidippus
Gellius,Apollodorus
Gellius,Alexis
Gellius,Menander
Gellius,Caecilius Statius
Gellius,Ateius Capito
Gellius,Lucilius
Gellius,Laevius
Gellius,Ateius Capito
Gellius,Aristarchus
Gellius,Crates
Gellius,Varro
Gellius,Favorinus
Gellius,Fronto
Fronto,Vergil
Fronto,Ennius
Fronto,Pacuvius
Fronto,Vergil
Fronto,Nigidius Figulus
Favorinus,Homer
Favorinus,Ennius
Gellius,Demosthenes
Gellius,Sallust
Gellius,Titus Castricius
Titus Castricius,Demosthenes
Titus Castricius,Sallust
Gellius,Varro
Gellius,Cato
Gellius,Aesop
Gellius,Ennius
Gellius,Homer
Gellius,Homer
Gellius,Homer
Gellius,Aristotle
Gellius,Sallust
Favorinus,Sallust
Favorinus,Valerius Probus
Valerius Probus,Sallust
Gellius,Varro
Gellius,Vergil
Gellius,Plautus
Favorinus,Plautus
Gellius,Plautus
Varro,Accius
Gellius,Lucius Aelius
Gellius,Plutarch
Plutarch,Arcesilaus
Gellius,Plutarch
Gellius,Aristotle
Gellius,Cato
Gellius,Claudius Quadrigarius
Gellius,Valerius Antias
Gellius,Claudius Quadrigarius
Gellius,Gavius Bassus
Gellius,Julius Modestus
Gellius,Varro
Gellius,Nigidius Figulus
Varro,Aristides Samius
Gellius,Herodotus
Gellius,Homer
Gellius,Varro
Gellius,Philochorus
Gellius,Xenophanes
Gellius,Accius
Gellius,Ephorus
Gellius,Varro
Gellius,Accius
Gellius,Aristotle
Gellius,Varro
Gellius,Nigidius Figulus
Nigidius Figulus,Laberius
Gellius,Laberius
Gellius,Hermippus
Gellius,Varro
Varro,Ennius
Gellius,Lucilius
Gellius,Lucilius
Gellius,Plautus
Gellius,Plautus
Gellius,Cato
Gellius,Cato
Gellius,Aristotle
Gellius,Philippides
Gellius,Plautus
Gellius,Menander
Gellius,Caecilius Statius
Caecilius Statius,Menander
Gellius,Caecilius Statius
Gellius,Varro
Varro,Aristotle
Gellius,Hippocrates
Gellius,Sabinus medicus
Gellius,Varro
Gellius,Caesellius Vindex
Caesellius Vindex,Livius Andronicus
Gellius,Hadrian
Gellius,Varro
Varro,Aristotle
Gellius,Homer
Gellius,Favorinus
Favorinus,Homer
Gellius,Cicero
Gellius,Hippocrates
Gellius,Pliny the Elder
Pliny the Elder,Masurius Sabinus
Gellius,Pliny the Elder
Gellius,Timon
Gellius,Gavius Bassus
Gellius,Varro
Gellius,Laberius
Gellius,Gavius Bassus
Favorinus,Gavius Bassus
Gellius,Favorinus
Grammatici,Lucilius
Favorinus,Vergil
Favorinus,Quintus Scaevola
Favorinus,Mucius
Gellius,Servius Sulpicius
Servius Sulpicius,Aelius Catus
Gellius,Masurius Sabinus
Gellius,Caelius Sabinus
Caelius Sabinus,Labeo Antistius
Gellius,Labeo Antistius
Gellius,Gaius Trebatius
Gellius,Masurius Sabinus
Gellius,Servius Sulpicius
Gellius,Neratius
Gellius,Verrius Flaccus
Gellius,Hesiod
Gellius,Plautus
Gellius,Ateius Capito
Gellius,Valerius Probus
Valerius Probus,Plautus
Valerius Probus,Ennius
Gellius,Cicero
Gellius,Nigidius Figulus
Gellius,Cicero
Gellius,Cicero
Gellius,Masurius Sabinus
Gellius,Terence
Gellius,Nigidius Figulus
Gellius,Cato
Gellius,Sempronius Asellio
Gellius,Tiro
Tiro,Caesar
Gellius,Caesar
Gellius,Ateius Capito
Gellius,Callimachus
Gellius,Cicero
Cicero,Plato
Gellius,Aristoxenus
Aristoxenus,Pythagoras
Gellius,Alexis
Gellius,Empedocles
Gellius,Plutarch
Plutarch,Aristotle
Gellius,Plutarch
Gellius,Cato
Gellius,Theophrastus
Gellius,Democritus
Gellius,Ateius Capito
Gellius,Sallust
Gellius,Varro
Gellius,Nigidius Figulus
Gellius,Terence
Gellius,Lucilius
Gellius,Lucilius
Gellius,Vergil
Gellius,Vergil
Gellius,Caesar
Gellius,Caesar
Gellius,Lucilius
Gellius,Lucilius
Gellius,Lucilius
Gellius,Plautus
Gellius,Vergil
Gellius,Sallust
Gellius,Vergil
Gellius,Ennius
Gellius,Cato
Gellius,Pacuvius
Gellius,Varro
Gellius,Publius Scipio
Gellius,Masurius Sabinus
Gellius,Caecilius Statius
Gellius,Musonius Rufus
Musonius Rufus,Homer
Gellius,Chares
Gellius,Fabius Pictor
Gellius,Varro
Gellius,Caecilius Statius
Gellius,Masurius Sabinus
Masurius Sabinus,Tiberius Caesar
Gellius,Cato
Gellius,Masurius Sabinus
Gellius,Gavius Bassus
Gellius,Vergil
Gellius,Hyginus
Hyginus,Vergil
Gellius,Vergil
Gellius,Vergil
Gellius,Vergil
Gellius,Homer
Gellius,Vergil
Gellius,Herodotus
Gellius,Protagoras
Gellius,Bias
Gellius,Favorinus
Favorinus,Bias
Favorinus,Ennius
Gellius,Ennius
Gellius,Naevius
Gellius,Vergil
Gellius,Cato
Gellius,Masurius Sabinus
Gellius,Caesar
Gellius,Apion
Apion,Caesar
Gellius,Lucretius
Gellius,Plato
Gellius,Democritus
Gellius,Epicurus
Gellius,Ennius
Gellius,Verrius Flaccus
Gellius,Claudius Quadrigarius
Gellius,Verrius Flaccus
Gellius,Sempronius Asellio
Gellius,Sempronius Asellio
Gellius,Masurius Sabinus
Gellius,Publius Scipio
Gellius,Sinnius Capito
Gellius,Grammatici
Amicus,Cato
Amicus,Claudius Quadrigarius
Amicus,Valerius Antias
Amicus,Lucius Aelius
Amicus,Nigidius Figulus
Amicus,Varro
Amicus,Sinnius Capito
Gellius,Plautus
Gellius,Cato
Gellius,C. Oppius
Gellius,Hyginus
Gellius,Caesellius Vindex
Caesellius Vindex,Ennius
Gellius,Ennius
Gellius,Tiro
Gellius,Cato
Tiro,Cato
Tiro,Lucilius
Gellius,Caelius Sabinus
Gellius,Cato
Gellius,Aristotle
Gellius,Annianus
Annianus,Valerius Probus
Valerius Probus,Plautus
Annianus,Terence
Gellius,Caecilius Statius
Gellius,Livius Andronicus
Gellius,Apion
Gellius,Ennius
Gellius,Laberius
Gellius,Laberius
Gellius,Nigidius Figulus
Gellius,Plautus
Gellius,Atta
Gellius,Valerius Antias
Gellius,Atta
Gellius,Valerius Probus
Valerius Probus,Aelius Tubero
Valerius Probus,Valerius Antias
Gellius,Cicero
Gellius,Caesar
Gellius,Accius
Gellius,Ennius
Gellius,Valerius Antias
Gellius,Laberius
Gellius,Cato
Gellius,Cicero
Gellius,Claudius Quadrigarius
Gellius,Varro
Gellius,Publius Scipio
Gellius,Publius Scipio
Gellius,Vergil
Gellius,Ennius
Gellius,Cato
Gellius,Labeo Antistius
Gellius,Quintus Scaevola
Gellius,Varro
Gellius,Euripides
Gellius,Grammatici
Gellius,Plautus
Gellius,Sallust
Gellius,Vergil
Gellius,Vergil
Gellius,Ennius
Gellius,Plautus
Gellius,Caecilius Statius
Gellius,Cornelius Nepos
Gellius,Cornelius Nepos
Cornelius Nepos,Decree
Cornelius Nepos,Decree
Gellius,Valerius Antias
Gellius,Vergil
Gellius,Vergil
Gellius,Homer
Gellius,Homer
Gellius,Catullus
Gellius,Cato
Gellius,Chrysippus
Chrysippus,Plato
Gellius,Chrysippus
Gellius,Chrysippus
Gellius,Philosophus
Philosophus,Chrysippus
Gellius,Chrysippus
Gellius,Chrysippus
Chrysippus,Pythagoreans
Gellius,Homer
Gellius,Cicero
Cicero,Chrysippus
Gellius,Tuditanus
Gellius,Aelius Tubero
Gellius,Tuditanus
Gellius,Alfenus
Gellius,Ennius
Gellius,Varro
Gellius,Hyginus
Hyginus,Vergil
Gellius,Vergil
Gellius,Matius
Gellius,Ennius
Gellius,Ennius
Gellius,Nigidius Figulus
Gellius,Sulpicius Apollinaris
Sulpicius Apollinaris,Homer
Gellius,Twelve Tables
Gellius,Valerius Antias
Gellius,Masurius Sabinus
Gellius,Apion
Gellius,Naevius
Gellius,Valerius Antias
Gellius,Lucius Piso
Gellius,Taurus
Gellius,Metellus Numidicus
Gellius,Servius Sulpicius
Gellius,Servius Sulpicius
Gellius,Gaius Trebatius
Gellius,Taurus
Taurus,Plato
Gellius,Taurus
Taurus,Plato
Gellius,Plato
Gellius,Amicus
Gellius,Catullus
Gellius,Amicus
Gellius,Catullus
Gellius,Cicero
Gellius,Cicero
Gellius,Ennius
Gellius,Ennius
Gellius,Cicero
Gellius,Cicero
Gellius,Cicero
Gellius,Twelve Tables
Gellius,Favorinus
Gellius,Peregrinus
Gellius,Herodotus
Gellius,Vergil
Gellius,Lucilius
Gellius,Taurus
Taurus,Theophrastus
Gellius,Cicero
Gellius,Aristotle
Gellius,Plato
Gellius,Theophrastus
Gellius,Demosthenes
Gellius,Grammatici
Gellius,Socrates
Gellius,Favorinus
Gellius,Naevius
Gellius,Gnaeus Gellius
Gellius,Nigidius Figulus
Gellius,Laberius
Gellius,Heracleides of Pontus
Gellius,Claudius Quadrigarius
Gellius,Antonius Iulianus
Antonius Iulianus,Claudius Quadrigarius
Gellius,Herodes Atticus
Herodes Atticus,Musonius Rufus
Gellius,Philip of Macedon
Gellius,Ennius
Gellius,Aristeas of Proconnesus
Gellius,Isigonus of Nicaea
Gellius,Ctesias
Gellius,Onesicritus
Gellius,Philostephanus
Gellius,Hegesias
Gellius,Pliny the Elder
Gellius,Pliny the Elder
Gellius,Pliny the Elder
Gellius,Epicurus
Gellius,Antisthenes Socraticus
Gellius,Speusippus
Gellius,Zeno
Gellius,Critolaus
Gellius,Plato
Gellius,Taurus
Taurus,Hierocles Stoicus
Gellius,Suetonius
Gellius,Favorinus
Gellius,Vergil
Gellius,Theocritus
Gellius,Theocritus
Gellius,Vergil
Gellius,Varro
Gellius,Valerius Probus
Valerius Probus,Vergil
Valerius Probus,Homer
Valerius Probus,Vergil
Gellius,Valerius Probus
Gellius,Homer
Gellius,Annianus
Annianus,Vergil
Gellius,Homer
Gellius,Annaeus Cornutus
Annaeus Cornutus,Vergil
Gellius,Cicero
Gellius,Nigidius Figulus
Gellius,Cato
Gellius,Sallust
Gellius,Calvus
Gellius,Laberius
Gellius,Cinna
Gellius,Sallust
Gellius,Sallust
Gellius,Vergil
Gellius,Plautus
Gellius,Sallust
Gellius,Vergil
Gellius,Claudius Quadrigarius
Gellius,Favorinus
Favorinus,Claudius Quadrigarius
Gellius,Claudius Quadrigarius
Gellius,Claudius Quadrigarius
Gellius,Ennius
Gellius,Caesellius Vindex
Caesellius Vindex,Cicero
Gellius,Cicero
Gellius,Vergil
Gellius,Vergil
Gellius,Cato
Gellius,Lucilius
Gellius,Sisenna
Gellius,Pacuvius
Gellius,Matius
Gellius,Matius
Gellius,Gaius Gracchus
Gellius,Cicero
Gellius,Lucilius
Gellius,Lucilius
Gellius,Caesar
Gellius,Sallust
Gellius,Antonius Iulianus
Gellius,Pliny the Elder
Gellius,Amicus
Amicus,Coelius
Amicus,Claudius Quadrigarius
Gellius,Varro
Gellius,Ennius
Gellius,Varro
Gellius,Tiro
Gellius,Varro
Gellius,Cato
Gellius,Aristotle
Gellius,Gaius Gracchus
Gellius,Gaius Gracchus
Gellius,Cicero
Gellius,Cato
Gellius,Nigidius Figulus
Gellius,Nigidius Figulus
Gellius,Ateius Capito
Gellius,Sallust
Gellius,Apion
Gellius,Nigidius Figulus
Gellius,Augustus
Gellius,Vergil
Gellius,Afranius
Gellius,Pliny the Elder
Pliny the Elder,Democritus
Gellius,Archytas the Pythagorean
Gellius,Favorinus
Favorinus,Archytas the Pythagorean
Gellius,Cato
Gellius,On the Public Priests
Gellius,Fabius Pictor
Gellius,Masurius Sabinus
Gellius,Varro
Gellius,Hyginus
Hyginus,Vergil
Hyginus,Vergil
Hyginus,Vergil
Hyginus,Vergil
Gellius,Democritus
Gellius,Laberius
Gellius,Cicero
Gellius,Theodectes
Gellius,Hyginus
Hyginus,Theodectes
Gellius,Taurus
Taurus,Demosthenes
Gellius,Ateius Capito
Gellius,Lucilius
Gellius,Ateius Capito
Gellius,Sallust
Gellius,Cicero
Gellius,Cato
Gellius,Salus
Gellius,Lucius Aelius
Gellius,Varro
Varro,Lucius Aelius
Gellius,Plato
Gellius,Cato
Gellius,Augustus
Gellius,Pomponius
Gellius,Coelius
Gellius,Cato
Gellius,Cato
Gellius,Matius
Gellius,Naevius
Gellius,Ennius
Gellius,Asinius Pollio
Gellius,Sallust
Gellius,Asinius Pollio
Gellius,Cato
Gellius,Lucretius
Gellius,Sallust
Gellius,Varro
Gellius,Aelius Tubero
Gellius,Ennius
Gellius,Vergil
Gellius,Timaeus
Gellius,Varro
Gellius,Varro
Gellius,Cato
Gellius,Cato
Gellius,Cicero
Gellius,Cato
Gellius,Cato
Gellius,Euripides
Gellius,Ennius
Ennius,Euripides
Gellius,Pyrrho
Gellius,Favorinus
Favorinus,Pyrrho
Gellius,Varro
Gellius,Plautus
Gellius,Caecilius Statius
Gellius,Amicus
Amicus,Lucilius
Gellius,Lucilius
Gellius,Cato
Gellius,Aulus Albinus
Cato,Aulus Albinus
Gellius,Cornelius Nepos
Gellius,Critolaus
Critolaus,Demosthenes
Gellius,Critolaus
Gellius,Gaius Gracchus
Gellius,Nigidius Figulus
Gellius,Cicero
Gellius,Chrysippus
Gellius,Diodorus Cronus
Gellius,Gaius Gracchus
Gellius,Titus Castricius
Titus Castricius,Gaius Gracchus
Gellius,Lucius Piso
Lucius Piso,Romulus
Gellius,Laberius
Gellius,Caesellius Vindex
Gellius,Terentius Scaurus
Terentius Scaurus,Caesellius Vindex
Gellius,Sisenna
Gellius,Sulpicius Apollinaris
Gellius,Plutarch
Gellius,Amicus
Amicus,Plutarch
Gellius,Plutarch
Gellius,Amicus
Amicus,Gavius Bassus
Gellius,Twelve Tables
Gellius,Masurius Sabinus
Gellius,Masurius Sabinus
Gellius,Aristo
Gellius,Cato
Gellius,Masurius Sabinus
Gellius,Masurius Sabinus
Gellius,Favorinus
Favorinus,Vergil
Favorinus,Homer
Vergil,Homer
Gellius,Seneca
Seneca,Cicero
Seneca,Ennius
Seneca,Vergil
Gellius,Valgius Rufus
Valgius Rufus,Cicero
Gellius,Tiro
Gellius,Ennius
Gellius,Lucius Aelius
Lucius Aelius,Ennius
Gellius,Taurus
Gellius,Riddle
Gellius,Varro
Varro,Riddle
Gellius,Valerius Maximus
Gellius,Varro
Gellius,Laevius
Gellius,Cicero
Gellius,Pomponius
Gellius,Lucretius
Gellius,Peregrinus
Peregrinus,Sophocles
Gellius,Cicero
Gellius,Sulpicius Apollinaris
Gellius,Cicero
Gellius,Sulpicius Apollinaris
Sulpicius Apollinaris,Cicero
Gellius,Cicero
Gellius,Cicero
Gellius,Nigidius Figulus
Gellius,Sisenna
Gellius,Cicero
Gellius,Homer
Gellius,Vergil
Gellius,Cicero
Cicero,Demosthenes
Gellius,Demosthenes
Gellius,Pacuvius
Gellius,Accius
Accius,Pacuvius
Pacuvius,Accius
Gellius,Accius
Gellius,Caesar
Gellius,Sempronius Asellio
Gellius,Varro
Gellius,Aristotle
Gellius,Theophrastus
Gellius,Nigidius Figulus
Gellius,Herodotus
Gellius,Homer
Gellius,Homer
Gellius,Aristotle
Gellius,Afranius
Gellius,Pacuvius
Gellius,Tiro
Gellius,Tiro
Gellius,Labeo Antistius
Gellius,Labeo Antistius
Gellius,Nigidius Figulus
Gellius,Varro
Gellius,Ateius Capito
Ateius Capito,Labeo Antistius
Gellius,Varro
Gellius,Labeo Antistius
Gellius,Varro
Gellius,Varro
Gellius,Augurs
Gellius,Messala
Gellius,Elys
Gellius,Messala
Gellius,Varro
Gellius,Cicero
Gellius,Cato
Gellius,Sulpicius Apollinaris
Sulpicius Apollinaris,Erucius Clarus
Gellius,Erucius Clarus
Gellius,Plato
Plato,Euripides
Gellius,Sophocles
Gellius,Sophocles
Gellius,Euripides
Euripides,Sophocles
Gellius,Aeschylus
Euripides,Aeschylus
Gellius,Adulescens
Adulescens,Cato
Adulescens,Cicero
Gellius,Sulpicius Apollinaris
Gellius,Cato
Gellius,Cicero
Gellius,Valerius Probus
Valerius Probus,Vergil
Valerius Probus,Vergil
Valerius Probus,Vergil
Gellius,Vergil
Gellius,Vergil
Gellius,Vergil
Gellius,Ennius
Gellius,Ennius
Gellius,Cicero
Gellius,Cicero
Gellius,Tiro
Tiro,Cicero
Gellius,Lucretius
Gellius,Cicero
Gellius,Cicero
Gellius,Homer
Gellius,Titus Castricius
Titus Castricius,Cicero
Gellius,Cicero
Gellius,Sempronius Asellio
Gellius,Varro
Gellius,Plautus
Gellius,Gnaeus Gellius
Gellius,Licinius Imbrex
Gellius,Ennius
Gellius,Servius Claudius
Gellius,Cato
Gellius,Favorinus
Favorinus,Cicero
Favorinus,Aristophanes
Favorinus,Cicero
Favorinus,Cato
Favorinus,Cato
Favorinus,Cato
Favorinus,Cato
Favorinus,Homer
Favorinus,Homer
Favorinus,Homer
Favorinus,Homer
Favorinus,Homer
Favorinus,Homer
Favorinus,Cicero
Favorinus,Cicero
Gellius,Nigidius Figulus
Gellius,Nigidius Figulus
Gellius,Parthenius
Gellius,Vergil
Vergil,Parthenius
Gellius,Homer
Vergil,Homer
Gellius,Vergil
Gellius,Panaetius
Gellius,Cicero
Cicero,Panaetius
Gellius,Claudius Quadrigarius
Gellius,Fronto
Fronto,Claudius Quadrigarius
Fronto,Varro
Gellius,Pacuvius
Gellius,Sallust
Gellius,Plautus
Gellius,Claudius Quadrigarius
Gellius,Varro
Gellius,Favorinus
Favorinus,Chaldaeans
Gellius,Chaldaeans
Favorinus,Nigidius Figulus
Gellius,Favorinus
Gellius,Pacuvius
Gellius,Accius
Gellius,Favorinus
Gellius,Lex Julia
Gellius,Masurius Sabinus
Gellius,Favorinus
Favorinus,Aelius Tubero
Favorinus,Cato
Gellius,Cato
Gellius,Plato
Gellius,Xenophon
Plato,Xenophon
Xenophon,Plato
Gellius,Chrysippus
Gellius,Amicus
Amicus,Gellius
Amicus,Pythagoras
Amicus,Hippocrates
Amicus,Homer
Amicus,Crates
Amicus,Aristarchus
Amicus,Homer
Gellius,Socrates
Socrates,Homer
Gellius,Varro
Gellius,Ateius Capito
Ateius Capito,Aelius Tubero
Gellius,Junius
Gellius,Varro
Gellius,Ateius Capito
Ateius Capito,Varro
Ateius Capito,Aelius Tubero
Gellius,Antonius Iulianus
Antonius Iulianus,Claudius Quadrigarius
Gellius,Claudius Quadrigarius
Gellius,Cretan Stranger
Cretan Stranger,Plato
Gellius,Plato
Gellius,Cicero
Gellius,Nigidius Figulus
Gellius,Cicero
Gellius,Homer
Gellius,Homer
Gellius,Suetonius
Gellius,Sulpicius Apollinaris
Gellius,Cicero
Gellius,Cicero
Gellius,Cicero
Gellius,Cicero
Gellius,Tiro
Cicero,Homer
Gellius,Augustus
Gellius,Favorinus
Gellius,Caecilius Statius
Grammatici,Caecilius Statius
Gellius,Cato
Gellius,Plutarch
Gellius,Decree
Gellius,Decree
Gellius,Epictetus
Gellius,Gnaeus Gellius
Gellius,Afranius
Gellius,Novius
Gellius,Cato
Gellius,Metellus Numidicus
Gellius,Cicero
Gellius,Sallust
Gellius,Cicero
Cicero,Aristippus
Gellius,Vergil
Gellius,Vergil
Gellius,Twelve Tables
Gellius,Twelve Tables
Gellius,Metellus Numidicus
Gellius,Caecilius Statius
Gellius,Caecilius Statius
Gellius,Plautus
Gellius,Pamphile
Gellius,Varro
Gellius,Theopompus
Theopompus,Euripides
Gellius,Philochorus
Gellius,Aristophanes
Gellius,Alexander Aetolus
Gellius,Pamphile
Pamphile,Herodotus
Pamphile,Hellanicus
Pamphile,Thucydides
Gellius,Volcacius Sedigitus
Volcacius Sedigitus,Caecilius Statius
Volcacius Sedigitus,Plautus
Volcacius Sedigitus,Naevius
Volcacius Sedigitus,Licinius Imbrex
Volcacius Sedigitus,Atilius
Volcacius Sedigitus,Terence
Volcacius Sedigitus,Turpilius
Volcacius Sedigitus,Trabea
Volcacius Sedigitus,Luscius
Volcacius Sedigitus,Ennius
Gellius,Matius
Gellius,Matius
Gellius,Aristotle
Gellius,Laelius Felix
Laelius Felix,Labeo Antistius
Gellius,Laelius Felix
Gellius,Cornelius Nepos
Cornelius Nepos,Cicero
Gellius,Asconius Pedianus
Asconius Pedianus,Fenestella
Gellius,Lucius Piso
Gellius,Valerius Probus
Gellius,Varro
Gellius,Musonius Rufus
Gellius,Cato
Gellius,Favorinus
Favorinus,Erasistratus
Gellius,Erasistratus
Gellius,Erasistratus
Gellius,Cincius
Gellius,Cincius
Gellius,Cincius
Gellius,Cincius
Gellius,Aelius Gallus
Gellius,Sulpicius Apollinaris
Sulpicius Apollinaris,Lucretius
Sulpicius Apollinaris,Lucilius
Sulpicius Apollinaris,Vergil
Quispiam Latinae litterator,Vergil
Gellius,Pomponius
Gellius,Nigidius Figulus
Gellius,Hyginus
Gellius,Laberius
Gellius,Laberius
Gellius,Laberius
Gellius,Laberius
Gellius,Laberius
Gellius,Laberius
Gellius,Laberius
Gellius,Laberius
Gellius,Laberius
Gellius,Laberius
Gellius,Laberius
Gellius,Laberius
Gellius,Cicero
Gellius,Laberius
Gellius,Laberius
Gellius,Laberius
Gellius,Varro
Gellius,Lucius Aelius
Gellius,Varro
Gellius,Cicero
Gellius,Laberius
Gellius,Varro
Gellius,Lucilius
Gellius,Ennius
Ennius,Twelve Tables
Gellius,Julius Paulus
Julius Paulus,Sallust
Gellius,Sallust
Julius Paulus,Twelve Tables
Gellius,Herodotus
Gellius,Cloatius Verus
Cloatius Verus,Homer
Gellius,Cloatius Verus
Gellius,Cloatius Verus
Cloatius Verus,Hypsicrates
Gellius,Varro
Gellius,Cato
Gellius,Hadrian
Gellius,Cato
Gellius,Verrius Flaccus
Gellius,Theophrastus
Gellius,Theopompus
Gellius,Varro
Gellius,Varro
Gellius,Varro
Gellius,Herodotus
Gellius,Cicero
Gellius,Asinius Gallus
Asinius Gallus,Cicero
Gellius,Largius Licinius
Largius Licinius,Cicero
Gellius,Cicero
Gellius,Cicero
Gellius,Claudius Quadrigarius
Gellius,Metellus Numidicus
Gellius,Novius
Gellius,Claudius Quadrigarius
Gellius,Claudius Quadrigarius
Gellius,Twelve Tables
Gellius,Claudius Quadrigarius
Gellius,Claudius Quadrigarius
Gellius,Claudius Quadrigarius
Gellius,Claudius Quadrigarius
Gellius,Claudius Quadrigarius
Gellius,Claudius Quadrigarius
Gellius,Claudius Quadrigarius
Gellius,Claudius Quadrigarius
Gellius,Cato
Gellius,Claudius Quadrigarius
Gellius,Laberius
Gellius,Claudius Quadrigarius
Gellius,Claudius Quadrigarius
Gellius,Claudius Quadrigarius
Gellius,Claudius Quadrigarius
Gellius,Greek boor
Greek boor,Homer
Gellius,Adulescens
Adulescens,Varro
Varro,Homer
Gellius,Menander
Gellius,Philemon
Gellius,Varro
Varro,Euripides
Gellius,Apollodorus
Apollodorus,Menander
Gellius,Cicero
Gellius,Cicero
Gellius,Cicero
Gellius,Cato
Gellius,Verrius Flaccus
Verrius Flaccus,Cato
Gellius,Plautus
Gellius,Cato
Gellius,Lex Atinia
Gellius,Quintus Scaevola
Gellius,Nigidius Figulus
Gellius,Taurus
Taurus,Homer
Taurus,Herodotus
Gellius,Valerius Probus
Valerius Probus,Caesar
Gellius,Caesar
Gellius,Favorinus
Favorinus,Pindar
Favorinus,Vergil
Gellius,Plutarch
Plutarch,Erasistratus
Plutarch,Alcaeus
Plutarch,Erasistratus
Gellius,Plutarch
Plutarch,Hippocrates
Plutarch,Plato
Plutarch,Philistion the Locrian
Plutarch,Dioxippus
Gellius,Favorinus
Favorinus,Plato
Favorinus,Hesiod
Gellius,Cato
Gellius,Cato
Gellius,Claudius Quadrigarius
Gellius,Claudius Quadrigarius
Gellius,Nigidius Figulus
Gellius,Publilius
Gellius,Publilius
Gellius,Publilius
Gellius,Publilius
Gellius,Publilius
Gellius,Publilius
Gellius,Publilius
Gellius,Publilius
Gellius,Publilius
Gellius,Publilius
Gellius,Publilius
Gellius,Publilius
Gellius,Publilius
Gellius,Publilius
Gellius,Carneades
Gellius,Pliny the Elder
Gellius,Lenaeus
Gellius,Ennius
Gellius,Varro
Varro,Sallust
Gellius,Favorinus
Favorinus,Epictetus
Gellius,Arrian
Arrian,Epictetus
Gellius,Favorinus
Favorinus,Epictetus
Gellius,Plato
Gellius,Taurus
Gellius,sophist
Gellius,Chronicles
Gellius,Cassius
Cassius,Homer
Cassius,Solon
Cassius,Hesiod
Gellius,Cornelius Nepos
Cornelius Nepos,Homer
Gellius,Cornelius Nepos
Gellius,Varro
Gellius,Cornelius Nepos
Gellius,Menander
Gellius,Varro
Varro,Ennius
Gellius,Ennius
Gellius,Varro
Varro,Naevius
Gellius,Porcius Licinius
Gellius,Favorinus
Gellius,Musonius Rufus
Gellius,Ennius
Gellius,Plato
Gellius,Hesiod
Gellius,Ennius
Gellius,Aeschines
Gellius,Sulpicius Apollinaris
Sulpicius Apollinaris,Sallust
Gellius,Antonius Iulianus
Gellius,Ennianista
EnnianistaEnnius,
Antonius Iulianus,Ennius
Antonius Iulianus,Vergil
Vergil,Ennius
Antonius Iulianus,Lucilius
Antonius Iulianus,Ennius
Antonius Iulianus,Lampadio
Lampadio,Ennius
Gellius,Aelius Melissus
Aelius Melissus,Pomponius
Gellius,Domitius Insanus
Gellius,Favorinus
Favorinus,Domitius Insanus
Domitius Insanus,Cato
Domitius Insanus,Verrius Flaccus
Gellius,Cicero
Gellius,Cicero
Gellius,Cicero
Gellius,Lucilius
Gellius,Cato
Gellius,Grammatici
Grammatici,Ennius
Grammatici,Velius Longus
Grammatici,Varro
Varro,Plautus
Gellius,Cato
Gellius,Ennius
Gellius,Livius Andronicus
Livius Andronicus,Homer
Gellius,Plautus
Gellius,Taurus
Gellius,Caesellius Vindex
Caesellius Vindex,Furius Antias
Gellius,Furius Antias
Gellius,Furius Antias
Gellius,Furius Antias
Gellius,Furius Antias
Gellius,Furius Antias
Gellius,Furius Antias
Gellius,Furius Antias
Gellius,Juventius
Gellius,Plautus
Gellius,Plautus
Gellius,Plautus
Gellius,Gnaeus Gellius
Gellius,Cato
Gellius,Varro
Gellius,Varro
Gellius,Diogenes
Gellius,Varro
Gellius,Stoic
Stoic,Aristippus
Gellius,Stoic
Stoic,Epictetus
Gellius,Epictetus
Gellius,Aristotle
Gellius,Hippocrates
Gellius,Favorinus
Gellius,Aristotle
Gellius,Peripatetic
Peripatetic,Aristotle
Gellius,Aristotle
Gellius,Aristotle
Gellius,Aristotle
Gellius,Taurus
Taurus,Aristotle
Gellius,Julius Paulus
Gellius,Laevius
Julius Paulus,Laevius
Gellius,Fronto
Fronto,Caesar
Gellius,Poet
Poet,Caesar
Poet,Plautus
Poet,Ennius
Gellius,Caesar
Fronto,Caesar
Gellius,Varro
Gellius,Antonius Iulianus
Gellius,Anacreon
Gellius,Graeci
Graeci,Catullus
Graeci,Calvus
Graeci,Laevius
Graeci,Hortensius
Graeci,Cinna
Graeci,Memmius
Gellius,Antonius Iulianus
Antonius Iulianus,Valerius Aeditumus
Antonius Iulianus,Porcius Licinius
Antonius Iulianus,Quintus Catulus
Gellius,Valerius Aeditumus
Gellius,Valerius Aeditumus
Gellius,Porcius Licinius
Gellius,Quintus Catulus
Gellius,Fronto
Fronto,Cato
Fronto,Varro
Gellius,Julius Celsinus
Julius Celsinus,Ennius
Fronto,Ennius
Gellius,Ennius
Fronto,Ennius
Gellius,Plato
Gellius,Plato
Gellius,Amicus
Gellius,Herodes Atticus
Gellius,Fronto
Gellius,Sulpicius Apollinaris
Sulpicius Apollinaris,Aristophanes
Sulpicius Apollinaris,Laberius
Gellius,Postumius Festus
Postumius Festus,Sulpicius Apollinaris
Fronto,Sulpicius Apollinaris
Fronto,Postumius Festus
Fronto,Cinna
Gellius,Cinna
Gellius,Nigidius Figulus
Gellius,Nigidius Figulus
Gellius,Nigidius Figulus
Gellius,Nigidius Figulus
Gellius,Sextus Caecilius
Gellius,Favorinus
Favorinus,Twelve Tables
Favorinus,Plato
Favorinus,Sextus Caecilius
Gellius,Sextus Caecilius
Sextus Caecilius,Favorinus
Gellius,Favorinus
Favorinus,Labeo Antistius
Labeo Antistius,Twelve Tables
Gellius,Sextus Caecilius
Sextus Caecilius,Favorinus
Sextus Caecilius,Twelve Tables
Sextus Caecilius,Vergil
Gellius,Cato
Gellius,Caesellius Vindex
Gellius,Ateius Capito
Gellius,Accius
Gellius,Taurus
Taurus,Aristotle
Gellius,Aristotle
Gellius,Alexander the Great
Gellius,Aristotle
Gellius,Cato
Gellius,Sulpicius Apollinaris
Sulpicius Apollinaris,Sulla
Sulpicius Apollinaris,Terence
Sulpicius Apollinaris,Afranius
Sulpicius Apollinaris,Laberius
Sulpicius Apollinaris,Plautus
Sulpicius Apollinaris,Gaius Gracchus
Sulpicius Apollinaris,Cicero
Sulpicius Apollinaris,Claudius Quadrigarius
Sulpicius Apollinaris,Terence
Sulpicius Apollinaris,Plautus
Sulpicius Apollinaris,Sallust
Gellius,Homer
Gellius,Euripides
Gellius,Sappho
Gellius,Bacchylides
Gellius,Pindar
Gellius,Annianus
Annianus,Lucilius
Annianus,Plutarch
Plutarch,Hesiod
Gellius,Antonius Iulianus
Antonius Iulianus,Matius
Antonius Iulianus,Matius
Gellius,Ennius
Grammatici,Ennius
Gellius,Twelve Tables
Gellius,Publius Lavinius
Publius Lavinius,Varro
Gellius,Cato
